{"metrics": {"silhouette_score": 0.05402122065424919, "davies_bouldin_score": 2.2923135627297513, "inertia": 65944.640625}}