{"metrics": {"silhouette_score": 0.05166187509894371, "davies_bouldin_score": 2.2953264927905184, "inertia": 355623.28125}}